Bank Name,Closing Date,Approx. Asset (Millions),Approx. Deposit (Millions)
First Republic Bank,01-May-23,"$229,100.00 ","$103,900.00 "
Signature Bank,12-Mar-23,"$110,400.00 ","$88,600.00 "
Silicon Valley Bank,10-Mar-23,"$209,000.00 ","$175,400.00 "
Almena State Bank,23-Oct-20,$70.00 ,$68.70 
First City Bank of Florida,16-Oct-20,$134.70 ,$131.40 
First State Bank,03-Apr-20,$152.40 ,$139.50 
Ericson State Bank,14-Feb-20,$100.90 ,$95.20 
City National Bank of New Jersey,01-Nov-19,$120.60 ,$111.20 
Resolute Bank,25-Oct-19,$27.10 ,$26.20 
Louisa Community Bank,25-Oct-19,$29.70 ,$26.50 
The Enloe State Bank,31-May-19,$36.70 ,$31.30 
Washington Federal Bank for Savings,15-Dec-17,$166.30 ,$144.00 
The Farmers and Merchants State Bank of Argonia,13-Oct-17,$34.20 ,$29.60 
Fayette County Bank,26-May-17,$34.40 ,$34.00 
Guaranty Bank,05-May-17,"$1,000.00 ","$1,000.00 "
First NBC Bank,28-Apr-17,"$4,740.00 ","$3,540.00 "
Proficio Bank,03-Mar-17,$68.20 ,$65.00 
Seaway Bank and Trust Company,27-Jan-17,$361.20 ,$307.10 
Harvest Community Bank,13-Jan-17,$126.40 ,$123.80 
Allied Bank,23-Sep-16,$66.30 ,$64.70 
The Woodbury Banking Company,19-Aug-16,$21.40 ,$21.10 
First CornerStone Bank,06-May-16,$103.30 ,$101.00 
Trust Company Bank,29-Apr-16,$20.70 ,$20.30 
North Milwaukee State Bank,11-Mar-16,$67.10 ,$61.50 
Hometown National Bank,02-Oct-15,$4.90 ,$4.70 
The Bank of Georgia,02-Oct-15,$294.20 ,$280.70 
Premier Bank,10-Jul-15,$31.70 ,$29.60 
Edgebrook Bank,08-May-15,$90.00 ,$90.00 
Doral Bank,27-Feb-15,"$5,900.00 ","$4,100.00 "
Capitol City Bank & Trust Company,13-Feb-15,$272.30 ,$262.70 
Highland Community Bank,23-Jan-15,$54.70 ,$53.50 
First National Bank of Crestview,16-Jan-15,$79.70 ,$78.60 
Northern Star Bank,19-Dec-14,$18.80 ,$18.20 
Frontier Bank,07-Nov-14,$86.40 ,$82.10 
The National Republic Bank of Chicago,24-Oct-14,$954.40 ,$915.30 
NBRS Financial,17-Oct-14,$188.20 ,$183.10 
GreenChoice Bank,25-Jul-14,$72.90 ,$71.00 
Eastside Commercial Bank,18-Jul-14,$169.00 ,$161.60 
The Freedom State Bank,27-Jun-14,$22.80 ,$20.90 
Valley Bank,20-Jun-14,$81.80 ,$66.50 
Valley Bank,20-Jun-14,$456.40 ,$360.00 
Slavie Federal Savings Bank,30-May-14,$140.10 ,$111.10 
Columbia Savings Bank,23-May-14,$36.50 ,$29.50 
AztecAmerica Bank,16-May-14,$66.30 ,$65.00 
Allendale County Bank,25-Apr-14,$54.50 ,$51.00 
Vantage Point Bank,28-Feb-14,$63.50 ,$62.50 
Millennium Bank,28-Feb-14,$130.30 ,$121.70 
Syringa Bank,31-Jan-14,$153.40 ,$145.10 
The Bank of Union,24-Jan-14,$331.40 ,$328.80 
DuPage National Bank,17-Jan-14,$61.70 ,$59.60 
Texas Community Bank,13-Dec-13,$160.10 ,$142.60 
Bank of Jackson County,30-Oct-13,$25.50 ,$25.00 
First National Bank,13-Sep-13,"$3,100.00 ","$2,300.00 "
The Community's Bank,13-Sep-13,$26.30 ,$25.70 
Sunrise Bank of Arizona,23-Aug-13,$202.20 ,$196.90 
Community South Bank,23-Aug-13,$386.90 ,$377.70 
Bank of Wausau,09-Aug-13,$43.60 ,$40.70 
First Community Bank of Southwest Florida,02-Aug-13,$265.70 ,$254.20 
Mountain National Bank,07-Jun-13,$437.30 ,$373.40 
1st Commerce Bank,06-Jun-13,$20.20 ,$19.60 
Banks of Wisconsin,31-May-13,$134.00 ,$127.60 
Central Arizona Bank,14-May-13,$31.60 ,$30.80 
Sunrise Bank,10-May-13,$60.80 ,$57.80 
Pisgah Community Bank,10-May-13,$21.90 ,$21.20 
Douglas County Bank,26-Apr-13,$316.50 ,$314.30 
Parkway Bank,26-Apr-13,$108.60 ,$103.70 
Chipola Community Bank,19-Apr-13,$39.20 ,$37.60 
Heritage Bank of North Florida,19-Apr-13,$110.90 ,$108.50 
First Federal Bank,19-Apr-13,$100.10 ,$93.90 
Gold Canyon Bank,05-Apr-13,$45.20 ,$44.20 
Frontier Bank,08-Mar-13,$258.80 ,$224.10 
Covenant Bank,15-Feb-13,$58.40 ,$54.20 
1st Regents Bank,18-Jan-13,$50.20 ,$49.10 
Westside Community Bank,11-Jan-13,$97.70 ,$96.50 
Community Bank of the Ozarks,14-Dec-12,$42.80 ,$41.90 
Hometown Community Bank,16-Nov-12,$124.60 ,$108.90 
Citizens First National Bank,02-Nov-12,$924.00 ,$869.40 
Heritage Bank of Florida,02-Nov-12,$225.50 ,$223.30 
NOVA Bank,26-Oct-12,$483.00 ,$432.20 
Excel Bank,19-Oct-12,$200.60 ,$187.40 
First East Side Savings Bank,19-Oct-12,$67.20 ,$65.90 
GulfSouth Private Bank,19-Oct-12,$159.10 ,$151.10 
First United Bank,28-Sep-12,$328.40 ,$316.90 
Truman Bank,14-Sep-12,$282.30 ,$245.70 
First Commercial Bank,07-Sep-12,$215.90 ,$206.80 
Waukegan Savings Bank,03-Aug-12,$88.90 ,$77.50 
Jasper Banking Company,27-Jul-12,$216.70 ,$213.10 
Second Federal Savings and Loan Association of Chicago,20-Jul-12,$199.10 ,$175.90 
Heartland Bank,20-Jul-12,$110.00 ,$102.60 
First Cherokee State Bank,20-Jul-12,$222.70 ,$193.30 
Georgia Trust Bank,20-Jul-12,$119.80 ,$117.40 
The Royal Palm Bank of Florida,20-Jul-12,$87.00 ,$85.10 
Glasgow Savings Bank,13-Jul-12,$24.80 ,$24.20 
Montgomery Bank & Trust,06-Jul-12,$173.60 ,$164.40 
The Farmers Bank of Lynchburg,15-Jun-12,$163.90 ,$156.40 
Security Exchange Bank,15-Jun-12,$151.00 ,$147.90 
Putnam State Bank,15-Jun-12,$169.50 ,$160.00 
Waccamaw Bank,08-Jun-12,$533.10 ,$472.70 
Farmers and Traders State Bank,08-Jun-12,$43.10 ,$42.30 
Carolina Federal Savings Bank,08-Jun-12,$54.40 ,$53.10 
First Capital Bank,08-Jun-12,$46.10 ,$44.80 
Alabama Trust Bank,18-May-12,$51.60 ,$45.10 
Security Bank,04-May-12,$101.00 ,$99.10 
Palm Desert National Bank,27-Apr-12,$125.80 ,$122.80 
Plantation Federal Bank,27-Apr-12,$486.40 ,$440.50 
Inter Savings Bank,27-Apr-12,$481.60 ,$473.00 
HarVest Bank of Maryland,27-Apr-12,$164.30 ,$145.50 
Bank of the Eastern Shore,27-Apr-12,$166.70 ,$154.50 
Fort Lee Federal Savings Bank,20-Apr-12,$51.90 ,$50.70 
Fidelity Bank,30-Mar-12,$818.20 ,$747.60 
Premier Bank,23-Mar-12,$268.70 ,$199.00 
Covenant Bank & Trust,23-Mar-12,$95.70 ,$90.60 
New City Bank,09-Mar-12,$71.20 ,$72.40 
Global Commerce Bank,02-Mar-12,$143.70 ,$116.80 
Home Savings of America,24-Feb-12,$434.10 ,$432.20 
Central Bank of Georgia,24-Feb-12,$278.90 ,$266.60 
SCB Bank,10-Feb-12,$182.60 ,$171.60 
Charter National Bank and Trust,10-Feb-12,$93.90 ,$89.50 
BankEast,27-Jan-12,$272.60 ,$268.80 
Patriot Bank Minnesota,27-Jan-12,$111.30 ,$108.30 
Tennessee Commerce Bank,27-Jan-12,"$1,185.00 ","$1,156.00 "
First Guaranty Bank and Trust Company of Jacksonville,27-Jan-12,$377.90 ,$349.50 
American Eagle Savings Bank,20-Jan-12,$19.60 ,$17.70 
The First State Bank,20-Jan-12,$536.90 ,$527.50 
Central Florida State Bank,20-Jan-12,$79.10 ,$77.70 
Western National Bank,16-Dec-11,$162.90 ,$144.50 
Premier Community Bank of the Emerald Coast,16-Dec-11,$126.00 ,$112.10 
Central Progressive Bank,18-Nov-11,$383.10 ,$347.70 
Polk County Bank,18-Nov-11,$91.60 ,$82.00 
Community Bank of Rockmart,10-Nov-11,$62.40 ,$55.90 
SunFirst Bank,04-Nov-11,$198.10 ,$169.10 
Mid City Bank,04-Nov-11,$106.10 ,$105.50 
All American Bank,28-Oct-11,$37.80 ,$33.40 
Community Banks of Colorado,21-Oct-11,"$1,380.00 ","$1,330.00 "
Community Capital Bank,21-Oct-11,$181.20 ,$166.20 
Decatur First Bank,21-Oct-11,$191.50 ,$179.20 
Old Harbor Bank,21-Oct-11,$215.90 ,$217.80 
Country Bank,14-Oct-11,$190.60 ,$167.50 
First State Bank,14-Oct-11,$204.40 ,$201.20 
Blue Ridge Savings Bank,14-Oct-11,$161.00 ,$158.70 
Piedmont Community Bank,14-Oct-11,$201.70 ,$181.40 
Sun Security Bank,07-Oct-11,$355.90 ,$290.40 
The RiverBank,07-Oct-11,$417.40 ,$379.30 
First International Bank,30-Sep-11,$239.90 ,$208.80 
Citizens Bank of Northern California,23-Sep-11,$288.80 ,$253.10 
Bank of the Commonwealth,23-Sep-11,$985.10 ,$901.80 
The First National Bank Of Florida,09-Sep-11,$296.80 ,$280.10 
CreekSide Bank,02-Sep-11,$102.30 ,$96.60 
Patriot Bank of Georgia,02-Sep-11,$150.80 ,$111.20 
First Choice Bank,19-Aug-11,$141.00 ,$137.20 
First Southern National Bank,19-Aug-11,$164.60 ,$159.70 
Lydian Private Bank,19-Aug-11,"$1,700.00 ","$1,240.00 "
Public Savings Bank,18-Aug-11,$46.80 ,$45.80 
The First National Bank of Olathe,12-Aug-11,$538.10 ,$524.30 
Bank of Whitman,05-Aug-11,$548.60 ,$515.70 
Bank of Shorewood,05-Aug-11,$110.70 ,$104.00 
Integra Bank National Association,29-Jul-11,"$2,200.00 ","$1,900.00 "
BankMeridian,29-Jul-11,$239.80 ,$215.50 
Virginia Business Bank,29-Jul-11,$95.80 ,$85.00 
Bank of Choice,22-Jul-11,"$1,070.00 ",$924.90 
LandMark Bank of Florida,22-Jul-11,$275.00 ,$246.70 
Southshore Community Bank,22-Jul-11,$46.30 ,$45.30 
Summit Bank,15-Jul-11,$72.00 ,$66.40 
First Peoples Bank,15-Jul-11,$228.30 ,$209.70 
High Trust Bank,15-Jul-11,$192.50 ,$189.50 
One Georgia Bank,15-Jul-11,$186.30 ,$162.10 
Signature Bank,08-Jul-11,$66.70 ,$64.50 
Colorado Capital Bank,08-Jul-11,$717.50 ,$672.80 
First Chicago Bank & Trust,08-Jul-11,$959.30 ,$887.50 
Mountain Heritage Bank,24-Jun-11,$103.70 ,$89.60 
First Commercial Bank of Tampa Bay,17-Jun-11,$98.60 ,$92.60 
McIntosh State Bank,17-Jun-11,$339.90 ,$324.40 
Atlantic Bank and Trust,03-Jun-11,$208.20 ,$191.60 
First Heritage Bank,27-May-11,$173.50 ,$163.30 
Summit Bank,20-May-11,$142.70 ,$131.60 
First Georgia Banking Company,20-May-11,$731.00 ,$702.20 
Atlantic Southern Bank,20-May-11,$741.90 ,$707.60 
Coastal Bank,06-May-11,$129.40 ,$123.90 
Community Central Bank,29-Apr-11,$476.30 ,$385.40 
The Park Avenue Bank,29-Apr-11,$953.30 ,$827.70 
First Choice Community Bank,29-Apr-11,$308.50 ,$310.00 
Cortez Community Bank,29-Apr-11,$70.90 ,$61.40 
First National Bank of Central Florida,29-Apr-11,$352.00 ,$312.10 
Heritage Banking Group,15-Apr-11,$224.00 ,$196.20 
Rosemount National Bank,15-Apr-11,$37.60 ,$36.60 
Superior Bank,15-Apr-11,"$3,000.00 ","$2,700.00 "
Nexity Bank,15-Apr-11,$793.70 ,$637.80 
New Horizons Bank,15-Apr-11,$110.70 ,$106.10 
Bartow County Bank,15-Apr-11,$330.20 ,$304.10 
Nevada Commerce Bank,08-Apr-11,$144.90 ,$136.40 
Western Springs National Bank and Trust,08-Apr-11,$186.80 ,$181.90 
The Bank of Commerce,25-Mar-11,$163.10 ,$161.40 
Legacy Bank,11-Mar-11,$190.40 ,$183.30 
The First National Bank of Davis,11-Mar-11,$90.20 ,$68.30 
Valley Community Bank,25-Feb-11,$123.80 ,$124.20 
San Luis Trust Bank,18-Feb-11,$332.60 ,$272.20 
Charter Oak Bank,18-Feb-11,$120.80 ,$105.30 
Citizens Bank of Effingham,18-Feb-11,$214.30 ,$206.50 
Habersham Bank,18-Feb-11,$387.60 ,$339.90 
Canyon National Bank,11-Feb-11,$210.90 ,$205.30 
Badger State Bank,11-Feb-11,$83.80 ,$78.50 
Peoples State Bank,11-Feb-11,$390.50 ,$389.90 
Sunshine State Community Bank,11-Feb-11,$125.50 ,$116.70 
Community First Bank - Chicago,04-Feb-11,$51.10 ,$49.50 
North Georgia Bank,04-Feb-11,$153.20 ,$139.70 
American Trust Bank,04-Feb-11,$238.20 ,$222.20 
First Community Bank,28-Jan-11,"$2,310.00 ","$1,940.00 "
FirsTier Bank,28-Jan-11,$781.50 ,$722.80 
Evergreen State Bank,28-Jan-11,$246.50 ,$195.20 
The First State Bank,28-Jan-11,$43.50 ,$40.30 
United Western Bank,21-Jan-11,"$2,050.00 ","$1,650.00 "
The Bank of Asheville,21-Jan-11,$195.10 ,$188.30 
CommunitySouth Bank and Trust,21-Jan-11,$440.60 ,$402.40 
Enterprise Banking Company,21-Jan-11,$100.90 ,$95.50 
Oglethorpe Bank,14-Jan-11,$230.60 ,$212.70 
Legacy Bank,07-Jan-11,$150.60 ,$125.90 
First Commercial Bank of Florida,07-Jan-11,$598.50 ,$529.60 
Community National Bank,17-Dec-10,$31.60 ,$28.80 
First Southern Bank,17-Dec-10,$191.80 ,$155.80 
United Americas Bank,17-Dec-10,$242.30 ,$193.80 
Appalachian Community Bank,17-Dec-10,$68.20 ,$76.40 
Chestatee State Bank,17-Dec-10,$244.40 ,$240.50 
The Bank of Miami,17-Dec-10,$448.20 ,$374.20 
Earthstar Bank,10-Dec-10,$112.60 ,$104.50 
Paramount Bank,10-Dec-10,$252.70 ,$213.60 
First Banking Center,19-Nov-10,$750.70 ,$664.80 
Allegiance Bank of North America,19-Nov-10,$106.60 ,$92.00 
Gulf State Community Bank,19-Nov-10,$112.10 ,$112.20 
Copper Star Bank,12-Nov-10,$204.00 ,$190.20 
Darby Bank & Trust Co.,12-Nov-10,$654.70 ,$587.60 
Tifton Banking Company,12-Nov-10,$143.70 ,$141.60 
First Vietnamese American Bank,05-Nov-10,$48.00 ,$47.00 
Pierce Commercial Bank,05-Nov-10,$221.10 ,$193.50 
Western Commercial Bank,05-Nov-10,$98.60 ,$101.10 
K Bank,05-Nov-10,$538.30 ,$500.10 
First Arizona Savings,22-Oct-10,$272.20 ,$198.80 
Hillcrest Bank,22-Oct-10,"$1,650.00 ","$1,540.00 "
First Suburban National Bank,22-Oct-10,$148.70 ,$140.00 
The First National Bank of Barnesville,22-Oct-10,$131.40 ,$127.10 
The Gordon Bank,22-Oct-10,$29.40 ,$26.70 
Progress Bank of Florida,22-Oct-10,$110.70 ,$101.30 
First Bank of Jacksonville,22-Oct-10,$81.00 ,$77.30 
Premier Bank,15-Oct-10,"$1,180.00 ","$1,030.00 "
WestBridge Bank and Trust Company,15-Oct-10,$91.50 ,$72.50 
Security Savings Bank,15-Oct-10,$508.40 ,$397.00 
Shoreline Bank,01-Oct-10,$104.20 ,$100.20 
Wakulla Bank,01-Oct-10,$424.10 ,$386.30 
North County Bank,24-Sep-10,$288.80 ,$276.10 
Haven Trust Bank Florida,24-Sep-10,$148.60 ,$133.60 
Maritime Savings Bank,17-Sep-10,$350.50 ,$248.10 
Bramble Savings Bank,17-Sep-10,$47.50 ,$41.60 
The Peoples Bank,17-Sep-10,$447.20 ,$398.20 
First Commerce Community Bank,17-Sep-10,$248.20 ,$242.80 
Bank of Ellijay,17-Sep-10,$168.80 ,$160.70 
ISN Bank,17-Sep-10,$81.60 ,$79.70 
Horizon Bank,10-Sep-10,$187.80 ,$164.60 
Sonoma Valley Bank,20-Aug-10,$337.10 ,$255.50 
Los Padres Bank,20-Aug-10,$870.40 ,$770.70 
Butte Community Bank,20-Aug-10,$498.80 ,$471.30 
Pacific State Bank,20-Aug-10,$312.10 ,$278.80 
ShoreBank,20-Aug-10,"$2,160.00 ","$1,540.00 "
Imperial Savings and Loan Association,20-Aug-10,$9.40 ,$10.10 
Independent National Bank,20-Aug-10,$156.20 ,$141.90 
Community National Bank at Bartow,20-Aug-10,$67.90 ,$63.70 
Palos Bank and Trust Company,13-Aug-10,$493.40 ,$467.80 
Ravenswood Bank,06-Aug-10,$264.60 ,$269.50 
LibertyBank,30-Jul-10,$768.20 ,$718.50 
The Cowlitz Bank,30-Jul-10,$529.30 ,$513.90 
Coastal Community Bank,30-Jul-10,$372.90 ,$363.20 
Bayside Savings Bank,30-Jul-10,$66.10 ,$52.40 
NorthWest Bank and Trust,30-Jul-10,$167.70 ,$159.40 
Home Valley Bank,23-Jul-10,$251.80 ,$229.60 
SouthwestUSA Bank,23-Jul-10,$214.00 ,$186.70 
Community Security Bank,23-Jul-10,$108.00 ,$99.70 
Thunder Bank,23-Jul-10,$32.60 ,$28.50 
Williamsburg First National Bank,23-Jul-10,$139.30 ,$134.30 
Crescent Bank and Trust Company,23-Jul-10,"$1,010.00 ",$965.70 
Sterling Bank,23-Jul-10,$407.90 ,$372.40 
Mainstreet Savings Bank,16-Jul-10,$97.40 ,$63.70 
Olde Cypress Community Bank,16-Jul-10,$168.70 ,$162.40 
Turnberry Bank,16-Jul-10,$263.90 ,$196.90 
Metro Bank of Dade County,16-Jul-10,$442.30 ,$391.30 
First National Bank of the South,16-Jul-10,$682.00 ,$610.10 
Woodlands Bank,16-Jul-10,$376.20 ,$355.30 
Home National Bank,09-Jul-10,$644.50 ,$560.70 
USA Bank,09-Jul-10,$193.30 ,$189.90 
Ideal Federal Savings Bank,09-Jul-10,$6.30 ,$5.80 
Bay National Bank,09-Jul-10,$282.20 ,$276.10 
High Desert State Bank,25-Jun-10,$80.30 ,$81.00 
First National Bank,25-Jun-10,$252.50 ,$231.90 
Peninsula Bank,25-Jun-10,$644.30 ,$580.10 
Nevada Security Bank,18-Jun-10,$480.30 ,$479.80 
Washington First International Bank,11-Jun-10,$520.90 ,$441.40 
TierOne Bank,04-Jun-10,"$2,800.00 ","$2,200.00 "
Arcola Homestead Savings Bank,04-Jun-10,$17.00 ,$18.10 
First National Bank,04-Jun-10,$60.40 ,$63.50 
Sun West Bank,28-May-10,$360.70 ,$353.90 
Granite Community Bank,28-May-10,$102.90 ,$94.20 
Bank of Florida - Tampa Bay,28-May-10,$245.20 ,$224.00 
Bank of Florida - Southwest,28-May-10,$640.90 ,$559.90 
Bank of Florida - Southeast,28-May-10,$595.30 ,$531.70 
Pinehurst Bank,21-May-10,$61.20 ,$58.30 
Midwest Bank and Trust Company,14-May-10,"$3,170.00 ","$2,420.00 "
Southwest Community Bank,14-May-10,$96.60 ,$102.50 
New Liberty Bank,14-May-10,$109.10 ,$101.80 
Satilla Community Bank,14-May-10,$135.70 ,$134.00 
1st Pacific Bank of California,07-May-10,$335.80 ,$291.20 
Towne Bank of Arizona,07-May-10,$120.20 ,$113.20 
Access Bank,07-May-10,$32.00 ,$32.00 
The Bank of Bonifay,07-May-10,$242.90 ,$230.20 
Frontier Bank,30-Apr-10,"$3,500.00 ","$3,130.00 "
BC National Banks,30-Apr-10,$67.20 ,$54.90 
Champion Bank,30-Apr-10,$187.30 ,$153.80 
CF Bancorp,30-Apr-10,"$1,650.00 ","$1,430.00 "
Westernbank Puerto Rico,30-Apr-10,"$11,940.00 ","$8,620.00 "
R-G Premier Bank of Puerto Rico,30-Apr-10,"$5,920.00 ","$4,250.00 "
Eurobank,30-Apr-10,"$2,560.00 ","$1,970.00 "
Wheatland Bank,23-Apr-10,$437.20 ,$438.50 
Peotone Bank and Trust Company,23-Apr-10,$130.20 ,$127.00 
Lincoln Park Savings Bank,23-Apr-10,$199.90 ,$171.50 
New Century Bank,23-Apr-10,$485.60 ,$492.00 
Citizens Bank & Trust Company of Chicago,23-Apr-10,$77.30 ,$74.50 
Broadway Bank,23-Apr-10,"$1,200.00 ","$1,100.00 "
Amcore Bank,23-Apr-10,"$3,800.00 ","$3,400.00 "
City Bank,16-Apr-10,"$1,130.00 ","$1,020.00 "
Tamalpais Bank,16-Apr-10,$628.90 ,$487.60 
Innovative Bank,16-Apr-10,$268.90 ,$225.20 
Butler Bank,16-Apr-10,$268.00 ,$233.20 
Riverside National Bank of Florida,16-Apr-10,"$3,420.00 ","$2,760.00 "
AmericanFirst Bank,16-Apr-10,$90.50 ,$81.90 
First Federal Bank of North Florida,16-Apr-10,$393.30 ,$324.20 
Lakeside Community Bank,16-Apr-10,$53.00 ,$52.30 
Beach First National Bank,09-Apr-10,$585.10 ,$516.00 
Desert Hills Bank,26-Mar-10,$496.60 ,$426.50 
Unity National Bank,26-Mar-10,$292.20 ,$264.30 
Key West Bank,26-Mar-10,$88.00 ,$67.70 
McIntosh Commercial Bank,26-Mar-10,$362.90 ,$343.30 
State Bank of Aurora,19-Mar-10,$28.20 ,$27.80 
First Lowndes Bank,19-Mar-10,$137.20 ,$131.10 
Bank of Hiawassee,19-Mar-10,$377.80 ,$339.60 
Appalachian Community Bank,19-Mar-10,"$1,010.00 ",$917.60 
Advanta Bank Corp.,19-Mar-10,"$1,600.00 ","$1,500.00 "
Century Security Bank,19-Mar-10,$96.50 ,$94.00 
American National Bank,19-Mar-10,$70.30 ,$66.80 
Statewide Bank,12-Mar-10,$243.20 ,$208.80 
Old Southern Bank,12-Mar-10,$315.60 ,$319.70 
Park Avenue Bank,12-Mar-10,$520.10 ,$494.50 
LibertyPointe Bank,11-Mar-10,$209.70 ,$209.50 
Centennial Bank,05-Mar-10,$215.20 ,$205.10 
Waterfield Bank,05-Mar-10,$155.60 ,$156.40 
Bank of Illinois,05-Mar-10,$211.70 ,$198.50 
Sun American Bank,05-Mar-10,$535.70 ,$443.50 
Rainier Pacific Bank,26-Feb-10,$717.80 ,$446.20 
Carson River Community Bank,26-Feb-10,$51.10 ,$50.00 
La Jolla Bank,19-Feb-10,"$3,600.00 ","$2,800.00 "
George Washington Savings Bank,19-Feb-10,$412.80 ,$395.30 
The La Coste National Bank,19-Feb-10,$53.90 ,$49.30 
Marco Community Bank,19-Feb-10,$119.60 ,$117.10 
1st American State Bank of Minnesota,05-Feb-10,$18.20 ,$16.30 
American Marine Bank,29-Jan-10,$373.20 ,$308.50 
First Regional Bank,29-Jan-10,"$2,180.00 ","$1,870.00 "
Community Bank and Trust,29-Jan-10,"$1,210.00 ","$1,110.00 "
Marshall Bank,29-Jan-10,$59.90 ,$54.70 
Florida Community Bank,29-Jan-10,$875.50 ,$795.50 
First National Bank of Georgia,29-Jan-10,$832.60 ,$757.90 
Columbia River Bank,22-Jan-10,"$1,100.00 ","$1,000.00 "
Evergreen Bank,22-Jan-10,$488.50 ,$439.40 
Charter Bank,22-Jan-10,"$1,200.00 ",$851.50 
Bank of Leeton,22-Jan-10,$20.10 ,$20.40 
Premier American Bank,22-Jan-10,$350.90 ,$326.30 
Barnes Banking Company,15-Jan-10,$827.80 ,$786.50 
St. Stephen State Bank,15-Jan-10,$24.70 ,$23.40 
Town Community Bank and Trust,15-Jan-10,$69.60 ,$67.40 
Horizon Bank,08-Jan-10,"$1,300.00 ","$1,100.00 "
First Federal Bank of California,18-Dec-09,"$6,100.00 ","$4,500.00 "
Imperial Capital Bank,18-Dec-09,"$4,000.00 ","$2,800.00 "
Independent Bankers' Bank,18-Dec-09,$585.50 ,$511.50 
New South Federal Savings Bank,18-Dec-09,"$1,500.00 ","$1,200.00 "
Citizens State Bank,18-Dec-09,$168.60 ,$157.10 
Peoples First Community Bank,18-Dec-09,"$1,800.00 ","$1,700.00 "
RockBridge Commercial Bank,18-Dec-09,$294.00 ,$291.70 
SolutionsBank,11-Dec-09,$511.10 ,$421.30 
Valley Capital Bank,11-Dec-09,$40.30 ,$41.30 
Republic Federal Bank,11-Dec-09,$433.00 ,$352.70 
Greater Atlantic Bank,04-Dec-09,$203.00 ,$179.00 
Benchmark Bank,04-Dec-09,$170.00 ,$181.00 
AmTrust Bank,04-Dec-09,"$12,000.00 ","$8,000.00 "
The Tattnall Bank,04-Dec-09,$49.60 ,$47.30 
First Security National Bank,04-Dec-09,$128.00 ,$123.00 
The Buckhead Community Bank,04-Dec-09,$874.00 ,$838.00 
Commerce Bank of Southwest Florida,20-Nov-09,$79.70 ,$76.70 
Pacific Coast National Bank,13-Nov-09,$134.40 ,$130.90 
Orion Bank,13-Nov-09,"$2,700.00 ","$2,100.00 "
Century Bank,13-Nov-09,$728.00 ,$631.00 
United Commercial Bank,06-Nov-09,"$11,200.00 ","$7,500.00 "
Gateway Bank of St. Louis,06-Nov-09,$27.70 ,$27.90 
Prosperan Bank,06-Nov-09,$199.50 ,$175.60 
Home Federal Savings Bank,06-Nov-09,$14.90 ,$12.80 
United Security Bank,06-Nov-09,$157.00 ,$150.00 
North Houston Bank,30-Oct-09,$326.20 ,$308.00 
Madisonville State Bank,30-Oct-09,$256.70 ,$225.20 
Citizens National Bank,30-Oct-09,$118.20 ,$97.70 
Park National Bank,30-Oct-09,"$4,706.10 ","$3,730.90 "
Pacific National Bank,30-Oct-09,"$2,335.30 ","$1,762.80 "
California National Bank,30-Oct-09,"$7,792.20 ","$6,160.40 "
San Diego National Bank,30-Oct-09,"$3,608.10 ","$2,892.40 "
Community Bank of Lemont,30-Oct-09,$81.80 ,$81.20 
Bank USA,30-Oct-09,$212.80 ,$117.10 
First DuPage Bank,23-Oct-09,$279.00 ,$254.00 
Riverview Community Bank,23-Oct-09,$108.00 ,$80.00 
Bank of Elmwood,23-Oct-09,$327.40 ,$273.20 
Flagship National Bank,23-Oct-09,$190.00 ,$175.00 
Hillcrest Bank Florida,23-Oct-09,$83.00 ,$84.00 
American United Bank,23-Oct-09,$111.00 ,$101.00 
Partners Bank,23-Oct-09,$65.50 ,$64.90 
San Joaquin Bank,16-Oct-09,$775.00 ,$631.00 
Southern Colorado National Bank,02-Oct-09,$39.50 ,$31.90 
Jennings State Bank,02-Oct-09,$56.30 ,$52.40 
Warren Bank,02-Oct-09,$538.00 ,$501.00 
Georgian Bank,25-Sep-09,"$2,000.00 ","$2,000.00 "
Irwin Union Bank,18-Sep-09,$493.00 ,$441.00 
Irwin Union Bank and Trust Company,18-Sep-09,"$2,700.00 ","$2,100.00 "
Venture Bank,11-Sep-09,$970.00 ,$903.00 
Brickwell Community Bank,11-Sep-09,$72.00 ,$63.00 
Corus Bank,11-Sep-09,"$7,000.00 ","$7,000.00 "
First State Bank,04-Sep-09,$105.00 ,$95.00 
Platinum Community Bank,04-Sep-09,$345.60 ,$305.00 
Vantus Bank,04-Sep-09,$458.00 ,$368.00 
InBank,04-Sep-09,$212.00 ,$199.00 
First Bank of Kansas City,04-Sep-09,$16.00 ,$15.00 
Affinity Bank,28-Aug-09,"$1,000.00 ",$922.00 
Mainstreet Bank,28-Aug-09,$459.00 ,$434.00 
Bradford Bank,28-Aug-09,$452.00 ,$383.00 
Guaranty Bank,21-Aug-09,"$13,000.00 ","$12,000.00 "
CapitalSouth Bank,21-Aug-09,$617.00 ,$546.00 
First Coweta Bank,21-Aug-09,$167.00 ,$155.00 
ebank,21-Aug-09,$143.00 ,$130.00 
Community Bank of Nevada,14-Aug-09,"$1,520.00 ","$1,380.00 "
Community Bank of Arizona,14-Aug-09,$158.50 ,$143.80 
Union Bank,14-Aug-09,$124.00 ,$112.00 
Colonial Bank,14-Aug-09,"$25,000.00 ","$20,000.00 "
Dwelling House Savings and Loan Association,14-Aug-09,$13.40 ,$13.80 
Community First Bank,07-Aug-09,$209.00 ,$182.00 
Community National Bank of Sarasota County,07-Aug-09,$97.00 ,$93.00 
First State Bank,07-Aug-09,$463.00 ,$387.00 
Mutual Bank,31-Jul-09,"$1,600.00 ","$1,600.00 "
First BankAmericano,31-Jul-09,$166.00 ,$157.00 
Peoples Community Bank,31-Jul-09,$705.80 ,$598.20 
Integrity Bank,31-Jul-09,$119.00 ,$102.00 
First State Bank of Altus,31-Jul-09,$103.40 ,$98.20 
Security Bank of Bibb County,24-Jul-09,"$1,200.00 ","$1,000.00 "
Security Bank of Houston County,24-Jul-09,$383.00 ,$320.00 
Security Bank of Jones County,24-Jul-09,$453.00 ,$387.00 
Security Bank of Gwinnett County,24-Jul-09,$322.00 ,$292.00 
Security Bank of North Metro,24-Jul-09,$224.00 ,$212.00 
Security Bank of North Fulton,24-Jul-09,$209.00 ,$191.00 
Waterford Village Bank,24-Jul-09,$61.40 ,$58.00 
Temecula Valley Bank,17-Jul-09,"$1,500.00 ","$1,300.00 "
Vineyard Bank,17-Jul-09,"$1,900.00 ","$1,600.00 "
BankFirst,17-Jul-09,$275.00 ,$254.00 
First Piedmont Bank,17-Jul-09,$115.00 ,$109.00 
Bank of Wyoming,10-Jul-09,$70.00 ,$67.00 
Founders Bank,02-Jul-09,$962.50 ,$848.90 
Millennium State Bank of Texas,02-Jul-09,$118.00 ,$115.00 
The First National Bank of Danville,02-Jul-09,$166.00 ,$147.00 
The Elizabeth State Bank,02-Jul-09,$55.50 ,$50.40 
Rock River Bank,02-Jul-09,$77.00 ,$75.80 
The First State Bank of Winchester,02-Jul-09,$36.00 ,$34.00 
The John Warner Bank,02-Jul-09,$70.00 ,$64.00 
Mirae Bank,26-Jun-09,$456.00 ,$362.00 
MetroPacific Bank,26-Jun-09,$80.00 ,$73.00 
Horizon Bank,26-Jun-09,$87.60 ,$69.40 
Neighborhood Community Bank,26-Jun-09,$221.60 ,$191.30 
Community Bank of West Georgia,26-Jun-09,$199.40 ,$182.50 
Cooperative Bank,19-Jun-09,$970.00 ,$774.00 
Southern Community Bank,19-Jun-09,$377.00 ,$307.00 
First National Bank of Anthony,19-Jun-09,$156.90 ,$142.50 
Bank of Lincolnwood,05-Jun-09,$214.00 ,$202.00 
Citizens National Bank,22-May-09,$437.00 ,$400.00 
Strategic Capital Bank,22-May-09,$537.00 ,$471.00 
BankUnited,21-May-09,"$12,800.00 ","$8,600.00 "
Westsound Bank,08-May-09,$334.60 ,$304.50 
America West Bank,01-May-09,$299.40 ,$284.10 
Citizens Community Bank,01-May-09,$45.10 ,$43.70 
Silverton Bank,01-May-09,"$4,100.00 ","$3,300.00 "
First Bank of Idaho,24-Apr-09,$488.90 ,$374.00 
First Bank of Beverly Hills,24-Apr-09,"$1,500.00 ","$1,000.00 "
Michigan Heritage Bank,24-Apr-09,$184.60 ,$151.70 
American Southern Bank,24-Apr-09,$112.30 ,$104.30 
Great Basin Bank of Nevada,17-Apr-09,$270.90 ,$221.40 
American Sterling Bank,17-Apr-09,$181.00 ,$171.90 
New Frontier Bank,10-Apr-09,"$2,000.00 ","$1,500.00 "
Cape Fear Bank,10-Apr-09,$492.00 ,$403.00 
Omni National Bank,27-Mar-09,$956.00 ,$796.80 
TeamBank,20-Mar-09,$669.80 ,$492.80 
FirstCity Bank,20-Mar-09,$297.00 ,$278.00 
Colorado National Bank,20-Mar-09,$123.50 ,$82.70 
Freedom Bank of Georgia,06-Mar-09,$173.00 ,$161.00 
Security Savings Bank,27-Feb-09,$238.30 ,$175.20 
Heritage Community Bank,27-Feb-09,$232.90 ,$218.60 
Silver Falls Bank,20-Feb-09,$131.40 ,$116.30 
Pinnacle Bank,13-Feb-09,$73.00 ,$64.00 
Corn Belt Bank and Trust Company,13-Feb-09,$271.80 ,$234.40 
Riverside Bank of the Gulf Coast,13-Feb-09,$539.00 ,$424.00 
Sherman County Bank,13-Feb-09,$129.80 ,$85.10 
County Bank,06-Feb-09,"$1,700.00 ","$1,300.00 "
Alliance Bank,06-Feb-09,"$1,140.00 ",$951.00 
FirstBank Financial Services,06-Feb-09,$337.00 ,$279.00 
Ocala National Bank,30-Jan-09,$223.50 ,$205.20 
Suburban Federal Savings Bank,30-Jan-09,$360.00 ,$302.00 
MagnetBank,30-Jan-09,$292.90 ,$282.80 
1st Centennial Bank,23-Jan-09,$803.30 ,$676.90 
Bank of Clark County,16-Jan-09,$446.50 ,$366.50 
National Bank of Commerce,16-Jan-09,$430.90 ,$402.10 
Sanderson State Bank,12-Dec-08,$37.00 ,$27.90 
Haven Trust Bank,12-Dec-08,$572.00 ,$515.00 
First Georgia Community Bank,05-Dec-08,$237.50 ,$197.40 
PFF Bank and Trust,21-Nov-08,"$3,700.00 ","$2,400.00 "
Downey Savings and Loan Association,21-Nov-08,"$12,800.00 ","$9,700.00 "
Community Bank,21-Nov-08,$681.00 ,$611.40 
Security Pacific Bank,07-Nov-08,$561.10 ,$450.10 
Franklin Bank,07-Nov-08,"$5,100.00 ","$3,700.00 "
Freedom Bank,31-Oct-08,$287.00 ,$254.00 
Alpha Bank & Trust,24-Oct-08,$354.10 ,$346.20 
Meridian Bank,10-Oct-08,$39.20 ,$36.90 
Main Street Bank,10-Oct-08,$98.00 ,$86.00 
Washington Mutual Bank,25-Sep-08,"$307,000.00 ","$188,000.00 "
Ameribank,19-Sep-08,$115.00 ,$102.00 
Silver State Bank,05-Sep-08,"$2,000.00 ","$1,700.00 "
Integrity Bank,29-Aug-08,"$1,100.00 ",$974.00 
Columbian Bank and Trust,22-Aug-08,$752.00 ,$622.00 
First Priority Bank,01-Aug-08,$259.00 ,$227.00 
First National Bank of Nevada,25-Jul-08,"$3,400.00 ","$3,000.00 "
First Heritage Bank National Association,25-Jul-08,$254.00 ,$233.00 
IndyMac Bank,11-Jul-08,"$32,010.00 ","$19,060.00 "
First Integrity Bank,30-May-08,$54.70 ,$50.30 
ANB Financial,09-May-08,"$2,100.00 ","$1,800.00 "
Hume Bank,07-Mar-08,$18.70 ,$13.60 
Douglass National Bank,25-Jan-08,$58.50 ,$53.80 
Miami Valley Bank,04-Oct-07,$86.70 ,$76.00 
NetBank,28-Sep-07,"$2,500.00 ","$2,300.00 "
Metropolitan Savings,02-Feb-07,$15.80 ,$12.00 
Bank of Ephraim,25-Jun-04,$46.40 ,$45.20 
Reliance Bank,19-Mar-04,$30.30 ,$28.00 
Guaranty National Bank of Tallahassee,12-Mar-04,$74.10 ,$66.90 
Dollar Savings Bank of Newark,14-Feb-04,$12.30 ,$9.80 
Pulaski Savings Bank,14-Nov-03,$10.20 ,$9.20 
First National Bank of Blanchardville,09-May-03,$35.00 ,$29.00 
Southern Pacific Bank,07-Feb-03,"$1,000.00 ",$864.70 
Farmers Bank & Trust of Cheneyville,17-Dec-02,$37.00 ,$33.10 
Bank of Alamo,08-Nov-02,$69.40 ,$55.30 
AmTrade International Bank,30-Sep-02,$12.00 ,$10.20 
Universal Federal Savings Bank,27-Jun-02,$51.60 ,$40.00 
Connecticut Bank of Commerce,26-Jun-02,$398.60 ,$323.70 
New Century Bank,28-Mar-02,$19.00 ,$18.00 
Net 1st National Bank,01-Mar-02,$34.70 ,$23.90 
NextBank,07-Feb-02,$700.00 ,$554.00 
Oakwood Deposit Bank Company,01-Feb-02,$72.30 ,$60.20 
Bank of Sierra Blanca,18-Jan-02,$10.80 ,$9.80 
Hamilton Bank,11-Jan-02,"$1,300.00 ","$1,200.00 "
Sinclair National Bank,07-Sep-01,$30.70 ,$25.70 
Superior Bank,27-Jul-01,"$2,300.00 ","$1,600.00 "
The Malta National Bank,03-May-01,$9.50 ,$8.80 
First Alliance Bank & Trust Company,02-Feb-01,$18.40 ,$17.50 
